rpeakpos,PH,PRT,PWA,RBAr,SLP1,SLP2,RBW10,RBW25,RBW33,RBW50,RBW66,RBW75,DBW10,DBW25,DBW33,DBW50,DBW66,DBW75,KVAL,AmBE,DfAmBE,sbps,dbps
4459,0.2952101661779081,27,9.173020527859229,-0.01225490196078441,0.01093370985844104,-0.004102366873387497,20,16,14,12,10,8,55,51,49,45,39,35,0.4435204695966272,-0.0284261974584555,0.001143695014662757,0,16.81878540989922
4713,0.2932551319648093,21,9.590420332355826,0.03669350728773856,0.01396453009356235,-0.004999759626941012,17,14,13,11,9,7,53,49,47,43,36,32,0.3940650406504063,-0.03547409579667641,0.001300097751710655,0,19.16559267639679
4798,0.3079178885630498,24,9.867057673509294,-0.005894590846047012,0.01282991202346041,-0.005031809368139351,17,14,13,11,9,7,54,50,48,43,37,32,0.3923809523809529,-0.03618768328445746,0.00133919843597263,53.58543258502775,0
7430,0.4134897360703812,24,13.61045943304009,-0.006643444536215706,0.01722873900293255,-0.006684955696402105,17,14,13,11,9,7,54,50,48,44,37,32,0.3886964648963661,-0.08173998044965777,0.001319648093841642,48.30511623540824,34.22427263642284
7515,0.4819159335288368,24,15.36559139784948,-0.01332781983586731,0.02007983056370153,-0.008031932225480614,17,14,13,11,8,7,53,49,47,42,36,31,0.3858301941466242,-0.04869990224828933,0.002111436950146628,40.48242534708302,10.16949815482279
7600,0.4926686217008798,24,16.04594330400784,-0.009747182455071453,0.02052785923753666,-0.00772553842272885,16,14,13,11,9,8,54,50,48,44,38,33,0.3987403100775196,-0.06222873900293247,0.001915933528836755,27.18385083693014,2.151239994289436
