rpeakpos,PH,PRT,PWA,RBAr,SLP1,SLP2,RBW10,RBW25,RBW33,RBW50,RBW66,RBW75,DBW10,DBW25,DBW33,DBW50,DBW66,DBW75,KVAL,AmBE,DfAmBE,sbps,dbps
6538,0.4819159335288368,75,49.98240469208217,-0.0667683642337477,0.00642554578038449,-0.002284006316264381,69,37,12,10,8,7,202,147,92,101,185,105,0.3755545839634742,0.1300391006842621,0.004105571847507331,102.8683851814766,55.34553803490093
6820,0.4956011730205279,74,17.47996089931576,-0.3032378928531476,0.006697313148926052,-0.009848484848484848,26,40,43,48,55,6,34,31,29,25,21,18,0.4176615107789198,0.1732942326490716,0.004320625610948192,105.2151924479742,56.71450894035785
6877,0.3841642228739003,16,22.79863147605087,0.004180422758650268,0.02401026392961877,-0.003221947831455471,12,10,9,7,6,5,146,40,42,84,23,105,0.2208136435235671,0.1422385141739981,0.004506353861192571,101.890548820436,56.32337439594158
7160,0.487781036168133,131,54.72825024437935,-0.07760730169503563,0.003723519360062084,-0.003260534033029788,88,18,29,9,106,6,146,142,140,136,79,126,0.3903566851016513,0.1495992179863147,0.004574780058651026,101.6949815482279,56.91007621256598
7386,0.469208211143695,75,18.00684261974586,-0.2094348840996685,0.006256109481915934,-0.009237536656891495,69,66,65,46,50,54,34,30,29,25,20,17,0.4457065217391303,0.1628054740957968,0.004007820136852395,104.8240579035579,56.51894166814971
7443,0.3695014662756598,16,22.39491691104597,-8.729812309035336e-05,0.02309384164222874,-0.003105054338450923,11,9,9,7,5,5,147,143,141,28,132,128,0.2206881437650662,0.1434213098729228,0.004349951124144672,101.1082797316035,56.12780712373345
7670,0.4956011730205279,75,44.35972629521019,-0.08208461877479044,0.006608015640273705,-0.003234809898646911,69,38,41,63,51,57,94,100,41,135,78,122,0.4005248112330455,0.1647996089931575,0.004428152492668621,104.2373560869336,55.73667257931719
8239,0.4506353861192571,75,17.23655913978498,-0.2172630862587182,0.006008471814923429,-0.008559235152468828,18,66,65,45,60,52,35,31,30,26,21,18,0.4464432642680832,0.1713587487781037,0.003978494623655914,102.6728179092685,56.32337439594158
